{"text": " Helo", "segments": [{"id": 0, "seek": 0, "start": 0.0, "end": 2.0, "text": " Helo", "tokens": [50364, 6128, 78, 50464], "temperature": 0.0, "avg_logprob": -0.44596261978149415, "compression_ratio": 0.3333333333333333, "no_speech_prob": 0.14232921600341797}], "language": "ms"}